-0.8451113152558509,-3.2107932379128066,1.0
-3.333796985118634,-0.9925499160133704,1.0
-3.17754630150634,-3.166808836773156,1.0
-3.526295997806824,-3.6464820957344593,1.0
-2.3407343397826907,-1.109136523452987,1.0
-4.071065180545281,-3.820565577462421,1.0
-0.22780731389327613,-0.09252680587627626,1.0
-1.19302555127899,-4.534902452580565,1.0
-4.172148666200145,-4.12586960774203,1.0
2.6733702030495,4.442642823827045,1.0
-1.1450023963551228,-4.383562995664656,1.0
3.043462751754065,0.11744209827249197,1.0
-1.1733125156934952,3.3371007783711555,-1.0
1.745009253574393,-3.2400127643894683,-1.0
-3.1298721838449692,3.204662134010869,-1.0
0.9511286460923651,-4.320921503931341,-1.0
-1.501153728421757,3.0766070250218824,-1.0
0.13649623472419048,4.737742602198132,1.0
4.51726686671784,-2.412680948852437,-1.0
0.6215725479473155,-2.4553545121542664,-1.0
4.141094976931704,-2.483666141563874,-1.0
-4.741781857490029,-2.5634468690282763,1.0
-2.6088543247766047,4.0223933552281625,-1.0
2.740360536580315,-4.744569321307424,-1.0
3.6807111327851345,1.95966314732755,1.0
4.949485789808772,-0.17488790513714925,-1.0
1.3944141666956327,0.8145433996367473,1.0
3.1412160805347717,1.5240667942814774,1.0
0.927846459571632,-1.062408637902701,-1.0
4.695364595151556,0.21112766446418085,1.0
4.770087773897654,-4.730843863896798,-1.0
-1.6162650724230199,-3.8568913855013953,1.0
3.696725854474753,-2.3326973865460365,-1.0
-3.6120548652404993,1.0591441640841461,-1.0
-1.999244164228411,3.6800471890815505,-1.0
2.8633441912256528,2.5514544431954054,1.0
-0.13286409967690016,-2.5167990618114566,1.0
2.948923020005548,3.36912121107418,1.0
-4.445732898592612,2.5935215257322275,-1.0
2.4682292427763555,-3.4849964732857797,-1.0
4.057605287650295,3.8865295327062643,1.0
4.237644019106115,-0.14725593028913497,-1.0
2.0149775944846144,-4.559857592660672,-1.0
0.7069512036105738,-1.7966392432613834,-1.0
0.8232128871463349,2.9032173344221777,1.0
-3.4764742359203216,2.122844128679432,-1.0
-1.1844667583178325,3.739881631743632,-1.0
3.3790780105427647,-4.542039321512281,-1.0
-0.09756066587990464,0.7698781627253997,-1.0
2.7254951497673368,1.8285820850894643,1.0
4.593867560680028,0.10345502229989911,1.0
-0.18902978617565402,-3.3473489607734273,1.0
-4.038223910637501,0.7806457077732274,-1.0
1.754016382372832,-4.343157661791162,-1.0
-4.22116123860492,1.8051938600013084,-1.0
0.45252941818706116,-1.1593571284442126,-1.0
2.879621019884321,-0.2725465936055027,-1.0
-0.8659927903593134,4.79331254849922,-1.0
1.768051681789328,3.202084762112552,1.0
2.3953575517775665,-1.5840774163371107,-1.0
0.051988071654966994,1.8953361287461163,1.0
-2.898072222472079,2.910148688063007,-1.0
-4.697743544291423,2.4779262875038652,-1.0
2.683353095956548,2.11032239578031,1.0
-1.1482702053362437,2.3435510463080735,-1.0
0.8763300898623081,0.3066266691212576,1.0
-0.052233700080749124,2.639846200167759,-1.0
1.1045883001361432,-2.0185825641233346,-1.0
0.016628878775065914,-4.450114078309374,-1.0
-2.706157346093666,0.1824591783699736,-1.0
-3.2563818642047515,-3.5870512882075376,1.0
-4.283218719396534,-4.753240565841228,1.0
-2.569457168522989,1.012929210692465,-1.0
-3.6529631703278698,1.5981178697657583,-1.0
2.5748228563489057,-3.934739422337855,-1.0
-0.8173233309466514,-3.8272621932272366,1.0
-0.16781753205453587,3.3238186586038925,-1.0
2.585384932842201,-0.8799404678436957,-1.0
4.952619182005041,-1.8912852983601969,-1.0
3.3083197167933136,-0.1021769730640898,-1.0
2.7370332550320207,0.28801198271281514,1.0
-1.573652028757274,0.005378654629620172,-1.0
-4.144924238843778,-3.9338646202183227,1.0
-1.3320118245034918,4.057877640905295,-1.0
4.4809227335331325,-4.330127887208526,-1.0
0.2991798428536452,-3.8148770197987414,-1.0
-2.3352008702114038,4.734972029608622,-1.0
3.2513183736190054,4.568342669868123,1.0
-1.2670303634628932,-1.7669881313539406,1.0
0.9645043158826656,-1.7541607293547412,-1.0
-3.7519669380626333,0.6700566066419702,-1.0
-3.1616858448950556,4.3676005198380565,-1.0
2.0381697512703116,3.594870298500295,1.0
1.640811182622313,3.7989610460032335,1.0
0.880270639769563,4.572964292762206,1.0
4.932762472138823,3.203386930056581,1.0
3.9385018620183647,-2.2099273577006775,-1.0
1.902698091582641,-3.870166957734483,-1.0
2.7888570712819094,1.9962480925857768,1.0
-1.4551026365181166,3.5238768888013485,-1.0
-1.7375539695389652,0.1305084909036891,-1.0
-0.6438261468045816,-0.42271619078133327,1.0
3.0881305187166532,-4.395754511651991,-1.0
1.6549292690163426,-2.1268860573724524,-1.0
-2.4111723340095925,-2.872869675385429,1.0
-0.6804279527157711,1.2232969998849406,-1.0
1.628085407398041,4.984084639475018,1.0
4.260234874177449,-3.734706003908004,-1.0
0.1572127582551941,-4.6954844166543594,-1.0
-2.0025621066015145,0.5899577941109104,-1.0
-0.3996180933334692,1.5471001362850245,-1.0
-1.554257489039823,0.011887151013062258,-1.0
0.7610252507377329,-2.135946904894075,-1.0
-1.3989232824452644,3.3428913094731545,-1.0
-1.176157688179976,-3.295717994918881,1.0
-3.136241125940251,-0.281286923532992,1.0
-1.301521038250486,-0.2743990620858199,1.0
2.0879677872044846,2.9210048331112226,1.0
-2.2171529180406346,3.493438621889151,-1.0
-4.577000396217382,-1.2095220362220793,1.0
-3.3338349780205325,3.8604853643022885,-1.0
-3.1608700371023324,4.21684717568832,-1.0
2.5323984182876726,-1.7752131540814742,-1.0
0.9632919497500545,-4.14642889658829,-1.0
2.273025722190871,-3.7494096810296282,-1.0
2.6370394288682224,3.648822047379852,1.0
0.26602652013477357,-3.3531849068943584,-1.0
4.9891292411389525,2.2349257144446604,1.0
1.4170532413637593,-4.781968251061897,-1.0
-2.5096562154702307,-3.770012080808569,1.0
3.6191599924542146,-4.775395841288765,-1.0
0.25663967513778285,-0.9549259164304589,-1.0
1.3336693236955828,2.7237782940470137,1.0
-4.092535434166514,2.5845312613229288,-1.0
4.071245721934687,-0.3017882219216723,-1.0
-3.969710729214327,3.971783797847417,-1.0
-3.995284252222655,2.2471059659992685,-1.0
-2.339410515860012,-2.019423826483769,1.0
-3.7969704966584583,-0.4414793256163758,1.0
-0.6531337178244296,-3.7559681628889297,1.0
4.925081683067859,-3.633872502620651,-1.0
-2.0002843062129694,0.6404734816750945,-1.0
-1.0200843702516749,-0.8667498555794282,1.0
4.138802193510694,-0.33845781247785567,-1.0
4.8395724804733025,4.170997251283843,1.0
2.9950839501111135,0.18118714535682034,1.0
2.8934316736574406,3.577222069144442,1.0
-2.1459919436766848,2.276382090729814,-1.0
-3.0623984139519145,-3.6997675677095465,1.0
-3.6957921943421903,2.846750779014057,-1.0
0.7269170886501994,3.0837544624844497,1.0
-4.866155285486199,4.689834173585883,-1.0
4.597208872887878,-1.488054344014115,-1.0
3.6805936179272916,1.8310535184957812,1.0
-0.5218800059148565,-2.8243662235150624,1.0
-3.9311302939680646,0.5627859641417707,-1.0
-3.5227024941588505,4.4835577284131425,-1.0
-1.556163776106687,4.173730416785011,-1.0
-3.9727733201889412,2.678249884722298,-1.0
-1.501300199628135,-3.6640066216832046,1.0
0.045745964001651096,-4.36422986615601,-1.0
-0.9816437969306797,-4.540885810697949,1.0
2.304771756607204,-1.2125885915258952,-1.0
0.7937501356463015,-1.863326002159872,-1.0
0.19141468293140118,-4.242059727528068,-1.0
4.142339049461439,-4.95555976382844,-1.0
-1.8563266393051259,-1.6876993298342446,1.0
-3.2794539961115063,-1.787322035328204,1.0
2.615234319385759,-4.51312483864997,-1.0
0.7845814954309196,1.0024540674681948,1.0
-3.477937894848011,-0.9243329015941413,1.0
-2.0581713991383954,-3.0666453178116493,1.0
-2.0086806823844974,-1.2336040748660606,1.0
-0.33841796115896106,3.1898146370010956,-1.0
-3.6017379107504013,4.862498172608531,-1.0
-0.8540761548339226,2.8525730185593687,-1.0
-0.8154207767097024,-4.284925564571145,1.0
-1.697567990973968,4.80046110061425,-1.0
-4.900864485724682,1.8259170243294278,-1.0
3.760596946861849,-3.1655301850795925,-1.0
-1.411422269533309,-2.8851370602825432,1.0
3.8523911804196658,0.6003450507723365,1.0
-1.3627321167332997,4.956079424989193,-1.0
-3.763907869805122,-2.1462033280050177,1.0
0.5085951048391841,3.221014512043208,1.0
1.0992346814203504,-1.8478034860337988,-1.0
3.9830019981663103,1.887115172851522,1.0
-2.318252376365557,0.1216882301108555,-1.0
-1.6015187259413066,-4.148718966505532,1.0
0.9470725787437022,-2.490482009159475,-1.0
4.793641404908103,-3.404725947379974,-1.0
-4.9993498498576585,-2.4282109465334925,1.0
-1.833191948280036,-3.7074053805008678,1.0
2.6621809797875127,2.0230087701843944,1.0
-3.3053709041175416,-2.7527373652718024,1.0
0.7151454180225469,3.1257801073104368,1.0
3.1153625510105147,-3.112595041700288,-1.0
4.203130512086897,1.7512842374207818,1.0
1.335052534189658,-1.1274464606593346,-1.0
0.7876115426219474,0.8851079704106652,1.0
3.1345573428733733,-4.202913043752249,-1.0
-2.816243837815694,-4.373955285191917,1.0
2.6419964355186467,-2.1197185409615216,-1.0
1.4175465720554579,-0.40906808727371047,-1.0
-2.3804954791518163,-0.5555139387675743,1.0
-2.035255203470736,-1.1337560358342857,1.0
-1.3754074167093657,4.823812602600761,-1.0
4.532075824325286,-3.8785271384131637,-1.0
-3.78297141784659,-1.4901340823271445,1.0
-3.5771768171156824,-2.0765411190493497,1.0
1.4360519209331528,-1.5088618730491623,-1.0
-4.440643269626538,1.454880436702803,-1.0
-3.0025499042814263,-0.17883273865974303,1.0
0.3087707249221072,-0.825586862398076,-1.0
-4.764745154659292,-1.0041591542779371,1.0
2.7401717455498655,-1.1261427445742376,-1.0
4.001594134464918,4.608924040346341,1.0
4.099444938086252,-1.1270535938578607,-1.0
-2.8012603630334465,-0.38148384565155347,1.0
-4.318972068769402,4.426785789954716,-1.0
2.2719616290598985,-4.07004745498578,-1.0
-4.599127173643601,2.508690598160584,-1.0
1.0480888837073206,-1.8330022863231132,-1.0
4.542095512675159,2.5900669538745555,1.0
2.3694286837270297,2.221898086589884,1.0
-2.224772113443405,3.3373059225181123,-1.0
0.03432951464581091,-2.4889660147513437,-1.0
-0.6006760131465274,-2.8096218124473493,1.0
-0.6903650998019808,-4.642220087139491,1.0
4.760949788942181,-3.007979955678249,-1.0
-2.145221551336396,-4.761635390350901,1.0
-0.7343678943101937,-4.695317769225827,1.0
2.025449510295676,1.189469231592323,1.0
0.612971079572679,2.147259540408867,1.0
-1.8940775947326118,4.928807674947681,-1.0
-2.3631392171279195,0.6264392922875652,-1.0
-1.9312774930693042,-4.933909824361143,1.0
2.978910843981021,-3.259870138759454,-1.0
-0.3388417240209378,-3.8753618528597444,1.0
4.101715959070404,0.44351532706936236,1.0
1.7711886079819985,0.671037778474858,1.0
-1.1409477812267221,1.1572883554463047,-1.0
2.827352746625186,4.076163971636621,1.0
3.853636197626715,-0.849919103457152,-1.0
1.6616663581347986,4.105071917731529,1.0
-0.40939225341783736,2.53999313267901,-1.0
-0.05058801205211605,1.9745006386330557,-1.0
3.350409163510758,1.6633522691721705,1.0
4.99128362462222,-0.44967299577315156,-1.0
-3.9039423381410665,-3.411367597094043,1.0
-1.0317862007061498,-3.7205286245122138,1.0
1.7233020921315365,-0.06425688145644504,-1.0
-0.4164951662059906,2.2405517925503116,-1.0
-1.8875433629156912,3.726252343650385,-1.0
0.26333678319009834,-2.1377469650484135,-1.0
-1.0262701652862747,1.6488957426078201,-1.0
4.157473360304941,-1.5936396888227158,-1.0
4.550396531204296,-1.273077793969053,-1.0
1.9312082970249467,3.9335131424316554,1.0
-1.0074220711883686,-3.704826253259043,1.0
0.7639932199054291,1.357690935194226,1.0
3.736304410857466,-1.1766141833015906,-1.0
-3.5593324521189396,2.4393823411289333,-1.0
-0.8831548848552693,4.406177347540808,-1.0
4.619712395576087,-3.034773022026931,-1.0
1.4174257248798003,0.6442130384845388,1.0
-2.020772224467372,4.894878944104935,-1.0
-1.1011109371673964,2.3846773455601635,-1.0
-0.9686971354113725,1.7058364811879656,-1.0
4.459830742956548,-4.769288534796345,-1.0
-2.655421253705623,2.674651094681339,-1.0
-2.0717200816121597,-0.6303982213145245,1.0
-4.097907755530751,3.90454855077226,-1.0
3.516599870582647,1.6696290534880545,1.0
-4.222394453268137,-3.6133257571696498,1.0
-0.4817518028405843,3.0329742223111804,-1.0
0.7849633414722756,-1.9540180748871894,-1.0
0.1562369314514056,-4.92836597873757,-1.0
-4.511178207963828,-0.5577737198504282,1.0
-2.3762460423472245,-3.7396308819183623,1.0
-3.255078835164016,2.838161415980754,-1.0
-1.8711680986186008,3.966939524139587,-1.0
1.0840952494035614,0.20171819407147318,1.0
1.0970184644534484,-0.433249308837631,-1.0
3.7809898410289122,3.678370990170926,1.0
-3.51172224111042,-2.0805202081383367,1.0
0.9548735414492615,-1.1751790910790083,-1.0
0.4578126327605716,1.3288915055486807,1.0
-3.956091876744953,-1.0470271358129954,1.0
0.1271170443369174,-1.8479081009912193,-1.0
-0.08354769484030822,-0.5450687168933888,1.0
-0.46490396029319037,-2.237614496921144,1.0
1.5108093330553851,0.5974052455716015,1.0
-0.4986911898569506,0.9800107878995519,-1.0
-2.759470038659421,-1.5534492420697,1.0
-3.6836165751352565,4.403244309594523,-1.0
-1.4937737301296528,4.754716934086726,-1.0
3.861156826070278,4.593828612198994,1.0
-4.798654399047521,2.244904947928873,-1.0
1.2578840259856303,1.5568216218914364,1.0
3.1555991408686364,2.6216488171399908,1.0
3.739293441038358,0.3118379725825591,1.0
1.478689343504537,3.0334248569317115,1.0
-2.6047443429248283,4.347080728165055,-1.0
1.4165780829819994,3.088818779884674,1.0
1.1408348549095129,-1.933698394226644,-1.0
2.1694484470047746,-3.760024577092862,-1.0
-3.2752711665227787,-0.9875575523710562,1.0
2.484781531113857,-2.4365767664433067,-1.0
1.8882685951773412,-2.3307729800741903,-1.0
-0.11515359950316384,-2.1489484225156055,1.0
2.9425772099545666,-2.6513429833520363,-1.0
-3.3899721319772578,-4.3126360446582765,1.0
0.7687983105579423,-3.4155265744670062,-1.0
2.4744300849639735,-0.2566057288105803,-1.0
-4.475325177816426,-3.203100308456891,1.0
4.452553098233903,4.903788909042216,1.0
0.49968523784467944,-3.8705119192111925,-1.0
-2.876916857785483,0.4382262066646172,-1.0
4.722486633141742,-3.0981524636173963,-1.0
0.24256818129159008,1.5378254979074129,1.0
0.8447037769609338,-2.6017551029969868,-1.0
-4.902712879657324,-0.40572927834173633,1.0
3.8981413679926042,3.4680941310205853,1.0
0.9804984926395601,-1.166387266398703,-1.0
1.4504675050097502,2.896522631094525,1.0
-0.1297132589325809,4.601877297774932,-1.0
-1.981787059850447,-4.4756644206802845,1.0
-4.982621272650286,3.8055741963231586,-1.0
-0.3462093043024437,3.150178030292196,-1.0
-4.743230846819487,-0.30569239448594576,1.0
-2.0237267122294647,2.9698143934908314,-1.0
-1.683458625971598,-2.3249559082175386,1.0
2.213581790710508,1.546737365654586,1.0
4.831343188893593,-3.3299303701393015,-1.0
2.476321664255857,4.864898800032066,1.0
2.7977821831420417,-1.4052122221728913,-1.0
-4.36861500023074,2.8761132358630377,-1.0
2.0296298263425383,-1.718478914946655,-1.0
-1.3810225306813493,4.526222897240732,-1.0
2.0236433608218576,1.0917001535757862,1.0
1.423822329661066,-3.8675880744036695,-1.0
4.648964464771042,3.4327147633426307,1.0
-0.9591756706026358,3.4280434311630046,-1.0
3.463368775773331,4.268492613016324,1.0
-1.4433710416147552,-2.8103546343993644,1.0
3.1547285627372332,3.13318306849483,1.0
0.5372703530187533,4.2652969422574305,1.0
0.6650626932795358,4.128939881807945,1.0
3.5679232794947975,4.221785857096215,1.0
-4.490775616465557,4.309377012309405,-1.0
0.9810902173068445,-3.9438397384106283,-1.0
0.20464475525220127,0.6607782828425899,1.0
-1.78791972658059,1.493127098175533,-1.0
3.6856090541350746,-2.811146018331251,-1.0
0.3086986299267398,-0.19190967508268564,-1.0
-2.8466493296004183,0.3607070899091802,-1.0
-3.6881742162503803,-4.006009978832747,1.0
-2.3676525851977814,2.4247611428635114,-1.0
-4.93541828005694,2.6166040385557867,-1.0
4.6826641122159085,2.1591372449914292,1.0
2.767315289017164,-2.63278853238479,-1.0
0.8275452707508855,-0.3731455192406621,-1.0
3.2373066623909956,-2.2580621886802543,-1.0
-0.8777176860321481,1.3539745489781314,-1.0
-1.5873563339170493,-0.11361585981217459,1.0
1.816048296657053,-3.4560982427170184,-1.0
-3.2964208754501447,0.06939284285633285,-1.0
2.7579364261883574,-2.5175350104322645,-1.0
-4.741916099199797,1.4078233022595201,-1.0
-3.3269810527209245,-3.141781929732131,1.0
0.03486742266157883,3.6079673537391486,1.0
4.357770346977645,-4.612873197308227,-1.0
-2.190258836544612,0.9010830526052622,-1.0
-4.594093280521543,4.76806935973052,-1.0
-1.4283702164630032,-3.459665651299816,1.0
0.38091859288044727,2.4975705944925846,1.0
3.8342840793675474,0.23065119779011933,1.0
-1.8187938356683042,-2.775955409070149,1.0
1.4816455992354136,-0.11813608372999074,-1.0
-1.2382514477848106,-1.7329845980543945,1.0
4.439763534160113,-0.3019012391506415,-1.0
-4.1714342148191585,-2.953278747145619,1.0
1.6721325550346569,3.944715107512387,1.0
0.1965150707825325,3.0867693651952166,1.0
3.1381799313629877,-2.905656758510614,-1.0
1.1621068721406456,1.7301902426266436,1.0
-2.6837769619637752,-2.3247809536193387,1.0
-4.316455520170353,-3.538819789061274,1.0
-2.1205413980007015,-3.202964401603745,1.0
-3.8786303973114187,-4.802144467412804,1.0
0.09338035764944497,-3.2701399109947626,-1.0
2.2295703766429966,-3.1869713889590767,-1.0
-2.1138727714567507,3.620646448976851,-1.0
-1.8434048928756788,1.1264927610673423,-1.0
1.1825924125510472,-1.8344609170665027,-1.0
2.0806219364174803,4.116696248458394,1.0
0.7141838962216926,-0.8158576099607711,-1.0
4.287283061235245,-2.6944509948149853,-1.0
-2.01049276878275,-2.141254068281011,1.0
-0.55224414087927,4.749651335989615,-1.0
-1.122138052473376,2.1326716207596945,-1.0
-3.235575557666761,-2.296554609647967,1.0
-3.827854130340602,4.907544733864102,-1.0
-1.4648912299280625,4.644807963546183,-1.0
3.089738550838435,-0.04179864579127823,-1.0
3.3325401093918963,3.428191240698105,1.0
4.724967027825498,2.656010411873342,1.0
-2.221297694491464,-0.8794283289685474,1.0
-4.844660174875116,-2.5297823628104688,1.0
-0.8477324494908505,4.103058256637251,-1.0
1.7257926329320439,3.2777428589913526,1.0
1.3301914161476533,1.564353070138913,1.0
-4.476896989683131,2.7574659321124635,-1.0
2.825522189868077,-4.276545025805496,-1.0
-2.8892418334674708,4.7412015243669305,-1.0
-1.6727939510473466,3.4368180367489174,-1.0
-2.275903439967022,4.400751385193809,-1.0
-1.5274001521677025,2.8419576855593087,-1.0
-0.5044792831078322,-4.764347297211595,1.0
4.254997848021759,-4.368546373742981,-1.0
-4.372919464594069,-3.8931508520531812,1.0
4.712921067235719,-1.8349373950849057,-1.0
-1.050715894614397,1.2527284637408673,-1.0
2.3247351872989466,-3.8965859962976057,-1.0
-0.4181944777412019,0.5207484007450187,-1.0
4.791278914556058,-0.1792007398983353,-1.0
-3.1799445153944585,-3.6185699161225626,1.0
-3.510545082140475,3.447504052785037,-1.0
4.250204846270101,2.5264335918068888,1.0
3.727243565408715,-4.792194539249332,-1.0
1.650590042969644,1.5267016946376932,1.0
-3.9518293777046045,2.6894645789328315,-1.0
-3.2690411148394025,-3.2766117578621126,1.0
0.5063349493628033,-2.114241663936717,-1.0
-4.117441211575606,1.0262469209943683,-1.0
4.116506999779482,3.6328397063002473,1.0
1.6993961946125005,3.916059989612954,1.0
0.6183902916625863,-0.5367045760029772,-1.0
1.249587993816065,2.5820005434332707,1.0
3.771312254249912,-1.4561959106365485,-1.0
-3.9718654856837157,-0.41272744252174576,1.0
4.325240230330072,-2.4962263595110947,-1.0
2.5152818030706996,3.203324559332284,1.0
2.683724022046265,4.953103966395631,1.0
-0.8269242298841935,3.446292017498081,-1.0
1.1455574730163676,3.440252504535481,1.0
-3.4846593673667323,1.8301638592565386,-1.0
4.496495561025217,-4.656177308114268,-1.0
2.202784477394907,1.3304607683872307,1.0
2.6292094693999886,3.7535218826932635,1.0
-1.085960590154155,-0.7529944590611057,1.0
2.7313932911399252,-3.173374587657374,-1.0
3.2803343682507684,4.135047950231957,1.0
-2.4740316345712077,1.1038826470143723,-1.0
2.7503077383638015,3.992325222636561,1.0
-1.746239889819793,-1.1088804947354882,1.0
2.1960191711657453,3.064894120686981,1.0
-1.3929781006598727,3.327249336073862,-1.0
-1.4886999924758602,3.0623218107419277,-1.0
-3.8025817546986715,3.8780587094519596,-1.0
-4.206607046317362,-4.064411317421563,1.0
0.9936926057809305,-0.28452066333050396,-1.0
-3.799300951147605,-3.826901025883637,1.0
-0.6756357164281894,-1.7459532969531333,1.0
-3.1548947906220883,-3.8499988974235553,1.0
-0.9574545129836478,1.78148212708974,-1.0
-3.414134436262896,-2.9863897820996987,1.0
-1.841880559416941,-2.4278340614504335,1.0
-4.515104700212814,-0.21560410021932164,1.0
-0.07149033463239185,4.494234677932763,-1.0
-3.503904719260201,2.954477372561537,-1.0
2.61134803292173,4.654117833822728,1.0
4.096784989056291,-0.7928110584109813,-1.0
3.299620830404411,-4.381297246103278,-1.0
-3.0212898478340025,-4.539113035564245,1.0
-4.05378179750286,4.097476697191009,-1.0
-1.2014981276766368,-1.823024222157609,1.0
-2.0940399776870477,-2.7125684070423017,1.0
0.6270699327995022,4.878585142262446,1.0
-0.1539649402802148,-2.0033115991688764,1.0
-4.899300418864621,3.9032689960831473,-1.0
-4.38984826253656,2.169968701223616,-1.0
-4.147231733666825,-1.3819242893568129,1.0
4.958282818845554,-4.679177219267689,-1.0
2.3057414910147065,1.61703758798585,1.0
-2.8642662174913482,0.1219175292222392,-1.0
4.976659900189839,-2.1403294344993276,-1.0
1.3681486582827596,-0.6556434419452737,-1.0
0.03653645985900056,-2.019017447236905,-1.0
-0.8446807603581004,1.0788798811703586,-1.0
-4.972163791623362,3.9292950052087914,-1.0
0.7063291920927703,0.06472174014211873,1.0
-4.463484384852926,-1.6803430381681697,1.0
0.13210899027903444,-1.9269151746560418,-1.0
-4.496679018085262,0.3814095754404576,-1.0
-4.4890412196360625,1.2672292457126533,-1.0
-2.173271052686493,2.9196513880963346,-1.0
3.0690653945202726,2.6823371753903116,1.0
-0.2022952442793846,0.7530759963675502,-1.0
-2.244422941030324,-2.3121126805707903,1.0
0.18418841042482725,1.046065928825394,1.0
0.26270097201834197,0.6491698168112139,1.0
-3.5123817127589527,2.8795423780485603,-1.0
-3.281606438617909,-4.494156697689281,1.0
-4.1846097463566965,2.092430577917419,-1.0
1.892471073416477,-4.385448049419009,-1.0
3.0278683737279675,-3.317276036185709,-1.0
-4.134996743017677,0.2900338805660194,-1.0
2.736021740850191,-3.4168293042677234,-1.0
0.10890270426689597,3.69062751259659,1.0
-2.4951971378816373,-1.7048421365291775,1.0
0.3920374419726276,-2.6305827131356265,-1.0
0.912412389809174,-1.0898393460153075,-1.0
-2.6193742726692717,-1.9959184455590542,1.0
2.9804220827115167,-2.549119457672581,-1.0
-3.9552831034987044,0.12044016484119702,-1.0
2.120549742045653,-1.8343360320323754,-1.0
4.366214297666138,3.3884748636060618,1.0
0.5428852805949491,-3.7145805768427875,-1.0
-0.41941739830359737,-0.39651717409911313,1.0
-4.369695682977341,-2.001290629621193,1.0
4.8909237108222,0.20979939293370276,1.0
-2.7124754199942336,1.3118087936366232,-1.0
3.534873753992324,-2.1624735453587696,-1.0
0.21237447853056857,3.2727506185071427,1.0
0.9848457483097528,3.589558592779067,1.0
-4.0447279709729065,-0.10248573804837946,1.0
-4.196516457846378,-4.988272719513819,1.0
-2.7019145002597877,4.440792405204945,-1.0
4.43631434421197,-0.15183994572274173,-1.0
-0.5805051876322223,-1.6579456045550356,1.0
3.8001217970221024,-0.8736508150698725,-1.0
-0.6373521010283989,-2.958882696623446,1.0
-1.2053535630516867,2.572012063719388,-1.0
-3.3719517615722285,2.5308923789963274,-1.0
-0.9194949228163711,4.980619375475094,-1.0
2.0900047708102134,-3.3174465801403166,-1.0
3.8964339308531333,2.5343041975558913,1.0
-0.9353821464970729,0.5440031099810296,-1.0
0.7519308022637929,3.2905774186503454,1.0
0.38464688649295375,-1.2519625356290542,-1.0
-0.8870168847018594,-2.7575491564032575,1.0
3.5834199241186706,4.738585013799627,1.0
-2.5385939101356527,-4.543141719275875,1.0
2.275992130777098,-0.12401761488251228,-1.0
-0.4085074568621181,1.391008987760877,-1.0
-2.5827471657799106,2.0235309613982206,-1.0
3.1492550355338693,-4.238898938557987,-1.0
-4.682033217747479,-4.754601572543736,1.0
1.4976850295704445,3.8752847144141302,1.0
-0.7734798113225025,3.754217278436176,-1.0
2.713103689030002,-2.187584246875681,-1.0
0.42009944638155794,-2.8557081126490402,-1.0
4.319917070056675,-2.027076573756493,-1.0
2.19801951449365,-4.366906651990179,-1.0
-0.2801558423135031,3.370607111170603,-1.0
4.388791432575243,0.2865313402291827,1.0
-1.4184734784444575,-1.3047965840107647,1.0
-1.0215442006577713,3.0903913688376115,-1.0
3.464797662450936,-0.573124192688443,-1.0
-3.9914937386387517,3.668440981714568,-1.0
2.5318461876465825,-3.4932450036828033,-1.0
4.1252726516509455,0.27080628242720284,1.0
-3.1929732020123502,-0.5950760308115903,1.0
-1.9672332380703486,-0.7412510083489385,1.0
-3.497140523573491,1.6427327437842063,-1.0
2.106457652362037,2.790327937420879,1.0
2.0004381951654446,2.0816351433707876,1.0
-4.660636294251727,-1.1128873416426446,1.0
3.0368571608832227,-0.8050334422999033,-1.0
-2.8629352632888594,-4.693221248063775,1.0
-1.4652672515058018,1.4479835074045377,-1.0
0.000741473960804484,1.9889617588046438,1.0
-1.147053702784504,-3.6007256247336947,1.0
-3.5613114064374773,1.9540476254958383,-1.0
-3.6041514946185984,1.0637062729235307,-1.0
-3.3905296273256824,-3.5191796832437596,1.0
2.0279464453223035,2.2255278924727184,1.0
-4.480492999783601,4.393516580840354,-1.0
-4.02661698855794,-2.3633115103049285,1.0
-1.4020769474743657,0.8080294651798621,-1.0
-4.012774821288331,3.686017614098473,-1.0
3.5408806908726103,-0.42228344973484155,-1.0
3.8700704630522313,3.5043004279276637,1.0
0.24982069062849366,0.5959537291593602,1.0
-1.844757557479392,3.5079322775186093,-1.0
-3.5139976526957795,4.0618528564296135,-1.0
1.6887659138663649,0.11353792245661598,1.0
-3.1828222133804784,-2.7920034146037875,1.0
3.1062849944926363,3.7496918071774985,1.0
-2.4887987428868685,1.8382072296310294,-1.0
0.367254324875109,-3.0439485706152247,-1.0
-3.8197435807712967,-2.897633903513115,1.0
0.4989503366942287,3.9130601219009424,1.0
3.765101979048474,0.1489974122115818,1.0
4.012991785471735,2.9976127220879514,1.0
-0.36745926314314303,-1.2509322989539626,1.0
1.5296404067750071,-2.5865619925871988,-1.0
-4.409255804461546,-3.900720855903219,1.0
4.795123348007859,0.8034305985198635,1.0
-3.5164040319956005,-0.008918038587454546,1.0
2.986279743225129,2.3088793197243875,1.0
3.207154694573422,0.7035588848273067,1.0
-3.403046852056517,3.6873303742801706,-1.0
-4.2501651414402115,-0.07992709724302216,1.0
-1.8016134910367332,2.6547664144562644,-1.0
-0.06072116000466643,3.457231381336088,-1.0
3.9861485297691104,-0.9274892305253388,-1.0
0.6107975654941855,-2.8923110157117407,-1.0
-1.5669982714714314,3.6433363505392897,-1.0
-3.829585323336626,-4.95416789105615,1.0
0.20561776199439574,4.597938668661392,1.0
-4.470501668807255,-2.468235891296854,1.0
3.656741127394227,0.0780279989000574,1.0
4.730972467591847,1.876940809357654,1.0
-4.038173415270664,4.587746138970068,-1.0
-0.0983502428312164,-0.75739755421864,1.0
-0.035884328129506926,-3.393707891355253,1.0
0.7779327408803969,-3.5624026330466654,-1.0
-0.9771668380252949,-2.3301590249130366,1.0
-1.1786140967430936,2.4154204594439452,-1.0
3.8648519714008884,-1.0354606849501788,-1.0
0.9060416996169893,-0.3505856934863649,-1.0
-1.5454904322316887,2.456704913057907,-1.0
1.1470816887400304,2.9675031500898754,1.0
-1.6062483294498167,4.764823141797024,-1.0
-4.2924280967547555,1.4877037988714372,-1.0
-1.9632911817762864,-2.1762229797658303,1.0
1.7507027833200297,2.884331699748425,1.0
-2.381614634832905,-4.336564095473826,1.0
-0.9097453305056744,1.3978711449446015,-1.0
3.213636369664348,3.424172409162866,1.0
1.2855391132376752,-3.596960751087007,-1.0
-0.12245085501348996,-1.8722680060851058,1.0
-2.048651237034086,-3.5473917510124062,1.0
0.6048073961685407,-0.3677721697970249,-1.0
0.9697992133781757,2.812425379316811,1.0
3.167189896793097,0.8607598123155613,1.0
4.9455803827898315,-1.9371045163663325,-1.0
-1.632226425913342,2.724652432469421,-1.0
-0.48508709921160253,2.5882446518438273,-1.0
-2.7407491817099725,4.31470631677432,-1.0
4.913382948275768,-0.3191085010888228,-1.0
-1.9319668975580373,4.229700926219458,-1.0
2.1899558502310645,-1.7417243943196423,-1.0
-2.557748719611813,-2.346854068084504,1.0
4.761618619983707,3.066838886065458,1.0
0.20335553245050786,-2.2364956941127287,-1.0
-4.875766138617529,4.596132450195318,-1.0
2.75816213431548,-4.2332759752388425,-1.0
-0.5677836539049741,-2.857613725454166,1.0
0.5882335169491917,-0.45240777671827015,-1.0
-2.712091988050749,-1.03569270192604,1.0
-3.1140113972794605,-4.016706328318069,1.0
-3.9455549887348553,0.16361430960540346,-1.0
3.9084089009444014,1.543798293872002,1.0
1.070348726654796,1.8781075067565904,1.0
3.06695585609166,-2.365488705427147,-1.0
4.471663031643786,-1.9683899547114958,-1.0
4.98972828395191,0.9944385950488162,1.0
2.022332437523941,-4.0604063823418715,-1.0
2.119170282338909,-2.745424958372751,-1.0
1.338971865611712,-2.705888107963742,-1.0
0.36514998113344,-1.1879624859657034,-1.0
-3.261603415152546,4.8132957912191685,-1.0
1.2285741488540864,-1.5783080188749397,-1.0
-1.576641880129126,-4.997809739467826,1.0
2.4330805537628404,3.741501095636286,1.0
-4.417607539839679,-3.2763273775135495,1.0
4.711408543475983,3.5138806882768225,1.0
-1.81101607163624,4.141916258167962,-1.0
3.845132413575298,-3.757620685623728,-1.0
0.4650886148966169,-4.492232287343879,-1.0
3.8315389179752373,-0.5681682727470445,-1.0
4.539023848243126,-3.7067361193633963,-1.0
-4.3678125786424165,3.78077278196095,-1.0
0.974779597523467,4.222778439040841,1.0
2.9786840957862593,-0.591967825851933,-1.0
-1.673829113290263,2.8697873338234956,-1.0
-4.2567479972910505,4.199283205051291,-1.0
-4.1360970368398045,-2.5625896126217174,1.0
-4.0280078286550385,1.4577406159659354,-1.0
1.9060235015874127,1.3039694286050647,1.0
3.682755115981326,-1.0392982309650147,-1.0
-0.9504924073573884,-0.6290787760250787,1.0
-2.1082971376441426,-2.953402639899554,1.0
0.5465619437154681,0.43491533877868616,1.0
2.3760864324014275,2.718871959323666,1.0
2.4663904649310906,-1.2602822848848403,-1.0
-2.2499524310848784,-1.7301873995677464,1.0
-3.789893525737628,-0.6894291900547556,1.0
2.3159514776602776,-1.867972351061197,-1.0
1.185292849949767,3.426049930741282,1.0
-1.175630746811672,2.5995824244394026,-1.0
4.416130096745011,-2.9656764599931473,-1.0
1.3051346309017742,-2.732958533660458,-1.0
-3.128133608754516,-0.30443650834896374,1.0
-4.356543590527528,-2.5914801165788095,1.0
-0.6232735999625234,2.6971098497532378,-1.0
2.4854677618160546,4.292087214592446,1.0
1.8728941322259862,-1.7025827776696802,-1.0
0.404182041208049,2.352197823102915,1.0
0.433818003863653,-2.8140267406536523,-1.0
2.906003353543162,-1.5972979273994916,-1.0
-1.3421851436931718,0.251780885744898,-1.0
0.5415573772521212,4.906641074173365,1.0
-1.9746931328662787,-3.8095303394126914,1.0
-2.3104748904433636,2.5838580430435867,-1.0
4.020463823940123,-2.625580697092861,-1.0
1.6903905824203331,-2.4479368487504596,-1.0
-1.0467265304886308,2.6863540173203058,-1.0
4.061899374724648,-1.6958633132404746,-1.0
4.071884364232812,4.042509506656803,1.0
-4.513771572622149,1.2626620084149156,-1.0
-4.6073329339273545,-1.7128921440066547,1.0
-2.7628239043055203,-2.8026056839086166,1.0
-2.7391239129102516,-3.835758568074461,1.0
-0.44422248939272,-0.9974224109554397,1.0
-3.4701118675387086,-4.359883336462387,1.0
3.575480109730316,-4.44787515201349,-1.0
2.691017080039174,4.168789730901944,1.0
-4.722606486605851,4.204983460978358,-1.0
1.693734862638462,3.1476179016191033,1.0
1.5266964806794183,1.6465117381770424,1.0
-4.3967368549644075,3.84434650762341,-1.0
-1.8364679225178513,-2.454316185242046,1.0
2.168961351950756,-1.086065456998421,-1.0
2.1065743680159272,-4.028144191086879,-1.0
1.7818142202517926,-1.8912898789250066,-1.0
-4.014033287413171,-2.2186674757241898,1.0
1.901474467366878,-0.0879717529305033,-1.0
3.822100647054844,3.7578156497910076,1.0
-4.842822646012079,-4.046509069881964,1.0
-2.9073651588918503,-2.6039466863256875,1.0
2.746443673916237,-1.9748589277642816,-1.0
-2.3775200172415936,0.996115875426117,-1.0
-3.7837669781405903,1.0462861261747047,-1.0
-0.7528693297237767,0.8129484110143839,-1.0
-3.348971900074651,2.426596671985587,-1.0
3.513981561757788,3.076324984029476,1.0
-3.1320036611325666,-0.9257917530420539,1.0
1.4438195385436057,-2.8973650927243852,-1.0
3.4978873722483925,0.8203311561676436,1.0
4.279612718196615,0.8232070705523213,1.0
-0.25813485496326827,4.863288350788753,-1.0
-0.24269379791207335,4.528282939619334,-1.0
-3.5304344512489094,3.2050230839137512,-1.0
-3.627846375088404,-3.2027460597584723,1.0
-2.7445879912723994,-0.11338916644016539,1.0
-3.6023495909472847,0.4908711934140273,-1.0
-2.861786755895066,-0.8983619356476327,1.0
-4.846150057511486,4.887222074630866,-1.0
-0.49074399094211074,4.904122468345143,-1.0
-2.2890039485084115,-0.08919253923282966,1.0
-2.129898272688695,1.0295161027596231,-1.0
-3.408976444921532,3.524591344854157,-1.0
1.2436823620929873,2.452853847207069,1.0
-3.8087045312982024,-2.374854390378104,1.0
1.8552050874175592,-2.7942603935149712,-1.0
-0.519925305188468,-3.974719211082115,1.0
1.6536668314510319,-1.3578887036991616,-1.0
0.09011768917049245,-0.23087693819231614,-1.0
-4.379403108889828,-2.2404070118009134,1.0
2.4204095471847467,-3.5139825118991963,-1.0
-2.7688761110236735,-0.26263850569395686,1.0
-2.0813125740247465,-4.484269368183783,1.0
-3.4760168423864393,3.704065138713105,-1.0
2.4539089182297005,-4.744148334736543,-1.0
-1.0110702773110845,0.3869498747511857,-1.0
3.6612497343721966,4.856272835317203,1.0
-2.7205188106943243,4.574654689934064,-1.0
2.7741993772055897,-0.30849819032512116,-1.0
3.3942115496492757,-1.7796940748485124,-1.0
0.9829420619321096,0.5136082841312151,1.0
-2.2247220880261622,1.1441310226980406,-1.0
4.3778489090717905,3.9681232870075895,1.0
-4.783105412656919,-2.3526172874404514,1.0
1.2866182016277783,2.827553342096037,1.0
-1.886312869443696,1.959499919713613,-1.0
-2.8192250545163233,-4.6678327796451,1.0
-3.4198130140030503,2.6467739240219155,-1.0
-3.634093776124059,-1.9311165933626628,1.0
-2.283845077451666,1.0251111635551924,-1.0
1.5816977135044574,-3.472401925149656,-1.0
-2.411596454596341,4.767462229513239,-1.0
4.511280122123768,-2.5159538650227353,-1.0
-4.76348299987092,-0.9817902337620694,1.0
4.51919238619992,4.894404524209039,1.0
-4.628479356310131,3.91976327493318,-1.0
-2.974740283180457,2.8032144572505127,-1.0
-2.6007456901114168,-0.841675319913481,1.0
-2.4429726896505475,4.717208869864578,-1.0
1.0135563250933757,-2.130592292036082,-1.0
2.637446064513755,-1.5928116186111119,-1.0
-4.013208222167751,2.255924265545729,-1.0
-0.4515342852209647,1.294792415412501,-1.0
-4.269092218458553,1.224120529522036,-1.0
4.650226441373528,0.648281680836968,1.0
3.522763956820862,-0.25781280122113515,-1.0
3.631514772356077,-4.672289914704785,-1.0
3.017026821521533,1.5541775434552942,1.0
-4.695737849545775,4.873398139869682,-1.0
-2.6217463803839633,-1.6911541119153686,1.0
-3.2409235673227075,4.237377794074314,-1.0
1.3140500284295529,-3.7031421288640542,-1.0
3.4217308727557914,3.2793806775445606,1.0
1.5552708238756114,1.990264257461388,1.0
1.3633442044156316,1.9845603759221175,1.0
-1.8148112998336376,4.72278127166968,-1.0
0.7802322323907571,-1.6081853485185382,-1.0
3.7919450927964977,2.138845168931889,1.0
1.6001521239101502,4.199821988973852,1.0
-2.752592719046877,2.440368089516446,-1.0
-1.6493313786853516,-4.2845231724090524,1.0
-3.2584147076423466,2.093549013964406,-1.0
-4.499901161633217,0.5209835002400443,-1.0
0.7088434214384929,-3.9432577083051035,-1.0
3.509895950764104,3.230215151107611,1.0
-3.5896195489578964,2.0904580908770622,-1.0
4.760954481268621,3.780576782538871,1.0
4.672995784241188,4.7223968029229475,1.0
4.658521346731886,-3.2267783133767844,-1.0
-3.0131769617354385,-1.0817118451139884,1.0
3.2478941017108447,-2.809331676221527,-1.0
-1.480796866319578,1.104745088488598,-1.0
-0.5326374081403724,-2.3870923419987777,1.0
2.021230114245207,1.8161782446634795,1.0
-2.8870305077537295,4.395640655716781,-1.0
-0.11820969651444724,0.8089059620028172,-1.0
0.09864050244539513,-0.510693090834156,-1.0
4.264114505288738,2.949831200204186,1.0
1.113136124055928,-2.35172478409038,-1.0
-1.4598482831675752,-2.1189421395518138,1.0
-3.237854640685266,0.9328051860271405,-1.0
-1.7922264461765094,-1.9691443549693277,1.0
4.441155842217551,2.839972777890331,1.0
2.279295202142226,4.3591199616294904,1.0
-4.335804033261602,2.3925788600437325,-1.0
-1.981193049300265,3.3947804086957927,-1.0
-2.2211017520449516,1.3305180908756888,-1.0
4.718131362097477,-0.7287856022141721,-1.0
2.473207496594913,3.633687195614039,1.0
-4.806015011966233,-1.8130440075242573,1.0
-4.2902039301479045,-4.14364749936166,1.0
0.3992905888058491,0.163236741125524,1.0
2.956011811856529,1.3052843220498556,1.0
0.8258007290511014,3.2379511191323864,1.0
3.8280273060185372,-0.5855024478910291,-1.0
-2.3390755806179264,-2.304990074853237,1.0
2.9134090685090808,-4.884668615159732,-1.0
1.0009241130499626,2.4182072826654535,1.0
-1.477364831219731,-0.6626067598491829,1.0
-1.581372194166942,-4.523182791324669,1.0
-0.4085583698414528,3.087026469729871,-1.0
3.8668841671576484,4.8451351531962725,1.0
-0.48190638823438015,2.512677260267292,-1.0
-3.4944582599566445,-2.7708920342949686,1.0
4.440178683724538,4.359216071002487,1.0
3.2086152292283447,1.628455863087849,1.0
2.0417846158996467,-4.702196382564746,-1.0
1.7111568135631448,0.29717453306121744,1.0
0.1585457076228005,-2.3284924139653285,-1.0
1.4723676334556357,2.9212325661946545,1.0
-4.370516038806046,-2.2330243226285873,1.0
2.74385456259167,-3.4175695417851704,-1.0
-4.088496345107701,-0.8264468241995733,1.0
-4.62460730431415,-4.378185491930119,1.0
-0.9145001549639016,3.661467520296508,-1.0
-0.1018995564788181,-1.2423739911095124,1.0
-3.8814573364832636,4.454686821961719,-1.0
-1.4718164220567278,4.52344753640517,-1.0
0.8984828377777099,1.291937971819019,1.0
4.946239059252569,1.4682907683868773,1.0
-1.0195940655598248,-3.5385869503347145,1.0
0.7050251621839969,0.7048337661069812,1.0
1.839484215319656,-3.404722851203789,-1.0
-3.909775708596178,-4.4498288056492274,1.0
3.109706192028243,4.134474108476876,1.0
0.13261300987790037,-4.143345379824712,-1.0
-4.592840680071321,-2.0894834893541594,1.0
1.8470213724874398,0.8156338293526257,1.0
3.2661635326117207,1.4227737713005286,1.0
-1.7131602626234823,3.5694183642535258,-1.0
4.107054945228386,-2.8554419386240184,-1.0
0.41869251489729553,-0.856261712041352,-1.0
-0.9745014022249858,-1.0645065337453161,1.0
-4.138038039457541,1.6079300480297976,-1.0
0.019236965293335295,-0.29203433643474064,-1.0
3.8146659515405794,-3.801408907025876,-1.0
2.4775678255062914,-4.519809259845534,-1.0
-0.1355216644958297,1.431877271549852,-1.0
4.502531702962177,2.318438634927487,1.0
-1.2877352637345716,4.436972557494341,-1.0
0.9658203537175405,-4.703183198203531,-1.0
-4.485893508079953,0.8411257616650758,-1.0
-3.03386072359579,-0.6088622291193566,1.0
2.0566001465477672,-3.431345828888875,-1.0
4.461823595640361,3.366853926384705,1.0
0.8706636575764328,2.4964769067699244,1.0
-0.528509872198077,-1.8065019434414409,1.0
0.3010092774214499,-0.2398639517767842,-1.0
1.17715977550065,-2.0616951839668496,-1.0
2.8825775616599545,-1.8586617866002877,-1.0
-4.03541596071895,-4.838920807562685,1.0
-3.111067889466926,0.24215640700723373,-1.0
-2.7610882955889227,-0.7173589181513931,1.0
4.087410966008546,-4.316562498996684,-1.0
-4.507317894561785,4.490605024067815,-1.0
4.0427564064397625,0.3498712982810348,1.0
-1.7372163644987006,-2.3657089325943916,1.0
0.5387126219543852,-1.7871298817127546,-1.0
-2.855261568425517,-0.6965315832813035,1.0
-2.279926884968585,-2.0492651661399766,1.0
0.6883145540456539,4.0320864793405296,1.0
-0.7203127036427857,-3.34375561595274,1.0
-4.133916268174479,1.1757288728048447,-1.0
-0.5619307431743508,0.8328999971946374,-1.0
-0.35270540798635786,1.0846152849500115,-1.0
2.868199891704249,4.031540498161913,1.0
-1.7969428173017254,2.4103144628881887,-1.0
3.8337592204476287,4.991387033182022,1.0
-3.82662428564723,-1.4813435577942737,1.0
-3.1936503540151593,-0.9106636296893011,1.0
-0.8778660132844145,-1.2007996352250139,1.0
-4.130200110482254,1.1788866466314243,-1.0
4.371163793049206,2.67986628237768,1.0
-2.2165880252552816,3.383050956790152,-1.0
-1.185001041196656,1.6972818569770185,-1.0
3.2653335744594774,0.5303214804040648,1.0
-2.399597383232126,3.791109797020267,-1.0
4.110312458092169,-3.3971781457014636,-1.0
-1.1896562885027864,0.45522408931231517,-1.0
0.08212478932106038,3.0025595845477397,1.0
-2.0278982876231044,-0.5102533848163144,1.0
-0.16634473419224172,4.557258239819127,-1.0
-3.5135297466629636,2.9243979651030614,-1.0
-1.3150300665707402,4.024672121588031,-1.0
0.6829826087347124,4.73783111124424,1.0
3.2721079086139824,-2.8081172068649893,-1.0
-1.082032269148474,3.7589169685344164,-1.0
-0.0818699354647423,0.028972319036668637,-1.0
-0.6363381242674881,-3.299018696612027,1.0
-4.393541338025356,-3.419414897685739,1.0
-4.254522373777462,4.9340938478153635,-1.0
-4.438625693633233,4.683301673175114,-1.0
3.4576503971243575,4.202347907764818,1.0
-3.7081785721599667,-1.0156205596960097,1.0
-3.82688933420106,2.98330424989397,-1.0
2.7848761413287644,-0.2789171352690385,-1.0
-0.45673914597522813,1.2069895087409517,-1.0
1.7042475763822829,1.0684968699062019,1.0
1.0229421907414498,2.4748368256556788,1.0
-2.2753910378460827,-1.4293508858609272,1.0
3.330498260045257,1.6615338691384807,1.0
1.5487102275109361,-1.115541538616763,-1.0
3.953381969681116,-0.4313570996988645,-1.0
-2.3686852714131525,-1.900665521220665,1.0
3.812369451180606,0.4155316602820136,1.0
3.274711341500531,0.10651909107275337,1.0
-0.468272474705957,3.545695481235528,-1.0
-2.1844046842658194,1.3243957515407452,-1.0
2.3965836039296917,2.286779295550051,1.0
-2.4330324514033275,-4.316686074106876,1.0
4.921735637576216,2.9609218565589854,1.0
3.3680464461653443,-3.376360390900406,-1.0
-1.9009236343027416,-0.09508497156162221,1.0
-0.08847699286184785,-2.367688194972941,1.0
-3.049361277194077,1.5955018092692885,-1.0
2.3591720811092474,1.4740760798417352,1.0
4.515091852937882,0.5530320583814259,1.0
-4.033081954448826,-2.277969614954536,1.0
-1.4492534424242907,-2.918878214723958,1.0
3.5018611106786537,-3.8506945373355705,-1.0
-4.317036081187827,-1.4328451743957493,1.0
-1.1327229503849612,0.5772052173276663,-1.0
0.3800208364109947,-0.9303045040912572,-1.0
-4.949117252918657,2.063989035817851,-1.0
-0.8917373068156493,-2.1062529891973334,1.0
-2.3171091463940963,0.4907724866664145,-1.0
-4.228958621492655,-2.354808975405308,1.0
2.0422967656767206,-2.7970039034405314,-1.0
-0.1535948420804525,3.268635132139895,-1.0
-0.10543894327782333,3.2763028148273925,-1.0
-3.1836959347548053,-2.5511851768070306,1.0
3.6405864243331063,-3.744300239605165,-1.0
-3.705864829992669,3.50429803717995,-1.0
-4.478311993251034,-3.29573044648928,1.0
2.090056952242146,-0.4495767898609815,-1.0
0.07209188118741139,-3.300301747341363,-1.0
-3.907047076850503,-1.614536222425429,1.0
-4.8079576694167505,-0.5569021843616975,1.0
-2.2692933216986266,-4.008976108146591,1.0
0.3878444886815924,-2.321712835224128,-1.0
-3.0009604523104096,-2.5195977779775514,1.0
-1.1579100976398538,0.8306670862866019,-1.0
-0.7166049446421097,-2.4272856818409805,1.0
4.980104150981484,3.5359588414808414,1.0
-4.509145522085075,-2.386188399667236,1.0
1.6012093366378082,-0.5927329531732575,-1.0
